,Nome,Turno,Modalidade,Mínimo,Máximo
0,ADMINISTRAÇÃO,Matutino,1.1,"556,76","561,02"
1,ADMINISTRAÇÃO,Matutino,1.2,"687,02","714,06"
2,ADMINISTRAÇÃO,Matutino,2.1,"610,10","610,10"
3,ADMINISTRAÇÃO,Matutino,2.2,"686,72","694,48"
4,ADMINISTRAÇÃO,Matutino,3.1,"599,24","649,92"
5,ADMINISTRAÇÃO,Matutino,3.2,"677,98","695,90"
6,ADMINISTRAÇÃO,Matutino,4.1,"595,02","595,02"
7,ADMINISTRAÇÃO,Matutino,4.2,"678,14","712,04"
8,ADMINISTRAÇÃO,Matutino,"Amplaconcorrência","733,92","775,66"
9,ADMINISTRAÇÃO,Noturno,1.1,"574,70","585,14"
10,ADMINISTRAÇÃO,Noturno,1.2,"668,16","672,48"
11,ADMINISTRAÇÃO,Noturno,2.1,"629,28","629,28"
12,ADMINISTRAÇÃO,Noturno,2.2,"677,94","700,98"
13,ADMINISTRAÇÃO,Noturno,3.1,"579,20","581,02"
14,ADMINISTRAÇÃO,Noturno,3.2,"688,20","703,42"
15,ADMINISTRAÇÃO,Noturno,4.1,"588,56","588,56"
16,ADMINISTRAÇÃO,Noturno,4.2,"702,92","722,68"
17,ADMINISTRAÇÃO,Noturno,"Amplaconcorrência","728,68","761,32"
18,ADMINISTRAÇÃO (MONTES CLAROS),Noturno,1.1,"555,68","555,68"
19,ADMINISTRAÇÃO (MONTES CLAROS),Noturno,1.2,"631,96","657,46"
20,ADMINISTRAÇÃO (MONTES CLAROS),Noturno,2.1,"587,44","587,44"
21,ADMINISTRAÇÃO (MONTES CLAROS),Noturno,2.2,"649,12","665,26"
22,ADMINISTRAÇÃO (MONTES CLAROS),Noturno,3.1,"564,48","564,48"
23,ADMINISTRAÇÃO (MONTES CLAROS),Noturno,3.2,"649,84","667,70"
24,ADMINISTRAÇÃO (MONTES CLAROS),Noturno,4.1,"562,34","562,34"
25,ADMINISTRAÇÃO (MONTES CLAROS),Noturno,4.2,"677,38","688,40"
26,ADMINISTRAÇÃO (MONTES CLAROS),Noturno,"Amplaconcorrência","693,04","716,84"
27,AGRONOMIA,Matutino,1.1,"586,14","586,14"
28,AGRONOMIA,Matutino,1.2,"626,54","645,86"
29,AGRONOMIA,Matutino,2.1,"559,12","559,12"
30,AGRONOMIA,Matutino,2.2,"633,42","676,46"
31,AGRONOMIA,Matutino,3.1,"593,30","593,30"
32,AGRONOMIA,Matutino,3.2,"619,56","688,18"
33,AGRONOMIA,Matutino,4.1,"508,16","508,16"
34,AGRONOMIA,Matutino,4.2,"601,30","709,02"
35,AGRONOMIA,Matutino,"Amplaconcorrência","669,44","711,54"
36,ANTROPOLOGIA,Noturno,1.1,"511,84","511,84"
37,ANTROPOLOGIA,Noturno,1.2,"632,18","641,68"
38,ANTROPOLOGIA,Noturno,2.2,"652,46","691,52"
39,ANTROPOLOGIA,Noturno,3.1,"544,40","544,40"
40,ANTROPOLOGIA,Noturno,3.2,"658,08","682,18"
41,ANTROPOLOGIA,Noturno,4.1,"578,78","578,78"
42,ANTROPOLOGIA,Noturno,4.2,"676,40","719,90"
43,ANTROPOLOGIA,Noturno,"Amplaconcorrência","691,92","748,18"
44,AQUACULTURA,Matutino,1.1,"497,96","607,10"
45,AQUACULTURA,Matutino,1.2,"625,42","646,24"
46,AQUACULTURA,Matutino,2.1,"597,30","597,30"
47,AQUACULTURA,Matutino,2.2,"625,68","640,80"
48,AQUACULTURA,Matutino,3.1,"521,12","540,78"
49,AQUACULTURA,Matutino,3.2,"629,30","642,06"
50,AQUACULTURA,Matutino,4.1,"412,16","412,16"
51,AQUACULTURA,Matutino,4.2,"670,80","686,50"
52,AQUACULTURA,Matutino,"Amplaconcorrência","662,68","714,98"
53,ARQUITETURA E URBANISMO,Matutino,1.1,"566,90","587,00"
54,ARQUITETURA E URBANISMO,Matutino,1.2,"682,46","738,52"
55,ARQUITETURA E URBANISMO,Matutino,2.1,"644,40","723,76"
56,ARQUITETURA E URBANISMO,Matutino,2.2,"708,54","718,78"
57,ARQUITETURA E URBANISMO,Matutino,3.1,"597,56","618,06"
58,ARQUITETURA E URBANISMO,Matutino,3.2,"694,74","739,30"
59,ARQUITETURA E URBANISMO,Matutino,4.1,"582,16","616,18"
60,ARQUITETURA E URBANISMO,Matutino,4.2,"720,22","764,44"
61,ARQUITETURA E URBANISMO,Matutino,"Amplaconcorrência","751,48","787,32"
62,ARQUITETURA E URBANISMO,Noturno,1.1,"568,94","603,56"
63,ARQUITETURA E URBANISMO,Noturno,1.2,"677,50","728,36"
64,ARQUITETURA E URBANISMO,Noturno,2.1,"630,34","630,34"
65,ARQUITETURA E URBANISMO,Noturno,2.2,"698,40","723,34"
66,ARQUITETURA E URBANISMO,Noturno,3.1,"619,62","669,28"
67,ARQUITETURA E URBANISMO,Noturno,3.2,"690,00","711,96"
68,ARQUITETURA E URBANISMO,Noturno,4.1,"597,70","597,70"
69,ARQUITETURA E URBANISMO,Noturno,4.2,"713,82","736,14"
70,ARQUITETURA E URBANISMO,Noturno,"Amplaconcorrência","739,86","773,02"
71,ARQUIVOLOGIA,Noturno,1.1,"594,42","594,42"
72,ARQUIVOLOGIA,Noturno,1.2,"619,42","651,54"
73,ARQUIVOLOGIA,Noturno,2.1,"557,34","557,34"
74,ARQUIVOLOGIA,Noturno,2.2,"625,40","631,10"
75,ARQUIVOLOGIA,Noturno,3.1,"528,24","528,24"
76,ARQUIVOLOGIA,Noturno,3.2,"627,42","652,10"
77,ARQUIVOLOGIA,Noturno,4.1,"532,52","532,52"
78,ARQUIVOLOGIA,Noturno,4.2,"652,14","666,82"
79,ARQUIVOLOGIA,Noturno,"Amplaconcorrência","644,80","725,78"
80,BIBLIOTECONOMIA,Matutino,1.1,"529,58","600,38"
81,BIBLIOTECONOMIA,Matutino,1.2,"613,90","644,22"
82,BIBLIOTECONOMIA,Matutino,2.1,"535,34","558,84"
83,BIBLIOTECONOMIA,Matutino,2.2,"622,74","648,20"
84,BIBLIOTECONOMIA,Matutino,3.1,"477,22","509,46"
85,BIBLIOTECONOMIA,Matutino,3.2,"624,06","657,22"
86,BIBLIOTECONOMIA,Matutino,4.1,"547,84","599,82"
87,BIBLIOTECONOMIA,Matutino,4.2,"631,46","657,00"
88,BIBLIOTECONOMIA,Matutino,"Amplaconcorrência","643,62","700,96"
89,BIBLIOTECONOMIA,Noturno,1.1,"612,54","612,54"
90,BIBLIOTECONOMIA,Noturno,1.2,"635,74","639,64"
91,BIBLIOTECONOMIA,Noturno,2.1,"514,94","514,94"
92,BIBLIOTECONOMIA,Noturno,2.2,"625,78","641,16"
93,BIBLIOTECONOMIA,Noturno,3.1,"487,26","487,26"
94,BIBLIOTECONOMIA,Noturno,3.2,"622,00","654,76"
95,BIBLIOTECONOMIA,Noturno,4.1,"483,04","483,04"
96,BIBLIOTECONOMIA,Noturno,4.2,"642,60","674,50"
97,BIBLIOTECONOMIA,Noturno,"Amplaconcorrência","646,94","724,94"
98,BIOMEDICINA,Noturno,1.1,"618,10","618,10"
99,BIOMEDICINA,Noturno,1.2,"700,28","709,56"
100,BIOMEDICINA,Noturno,2.1,"607,80","607,80"
101,BIOMEDICINA,Noturno,2.2,"716,12","721,72"
102,BIOMEDICINA,Noturno,3.1,"627,98","627,98"
103,BIOMEDICINA,Noturno,3.2,"705,52","718,08"
104,BIOMEDICINA,Noturno,4.1,"662,44","662,44"
105,BIOMEDICINA,Noturno,4.2,"728,26","732,14"
106,BIOMEDICINA,Noturno,"Amplaconcorrência","747,34","782,20"
107,CIÊNCIA DA COMPUTAÇÃO,Matutino,1.1,"591,36","592,34"
108,CIÊNCIA DA COMPUTAÇÃO,Matutino,1.2,"681,42","719,12"
109,CIÊNCIA DA COMPUTAÇÃO,Matutino,2.1,"577,40","623,54"
110,CIÊNCIA DA COMPUTAÇÃO,Matutino,2.2,"691,36","758,50"
111,CIÊNCIA DA COMPUTAÇÃO,Matutino,3.1,"592,98","609,76"
112,CIÊNCIA DA COMPUTAÇÃO,Matutino,3.2,"696,86","726,90"
113,CIÊNCIA DA COMPUTAÇÃO,Matutino,4.1,"577,84","628,14"
114,CIÊNCIA DA COMPUTAÇÃO,Matutino,4.2,"734,26","774,54"
115,CIÊNCIA DA COMPUTAÇÃO,Matutino,"Amplaconcorrência","745,76","823,08"
116,CIÊNCIAS ATUARIAIS,Matutino,1.1,"505,80","505,80"
117,CIÊNCIAS ATUARIAIS,Matutino,1.2,"653,18","673,68"
118,CIÊNCIAS ATUARIAIS,Matutino,2.2,"660,32","668,70"
119,CIÊNCIAS ATUARIAIS,Matutino,3.1,"519,98","519,98"
120,CIÊNCIAS ATUARIAIS,Matutino,3.2,"653,26","673,82"
121,CIÊNCIAS ATUARIAIS,Matutino,4.2,"680,50","680,68"
122,CIÊNCIAS ATUARIAIS,Matutino,"Amplaconcorrência","703,44","753,40"
123,CIÊNCIAS BIOLÓGICAS,Matutino,1.1,"518,96","574,34"
124,CIÊNCIAS BIOLÓGICAS,Matutino,1.2,"668,86","692,26"
125,CIÊNCIAS BIOLÓGICAS,Matutino,2.1,"556,40","557,86"
126,CIÊNCIAS BIOLÓGICAS,Matutino,2.2,"688,10","717,94"
127,CIÊNCIAS BIOLÓGICAS,Matutino,3.1,"534,50","569,98"
128,CIÊNCIAS BIOLÓGICAS,Matutino,3.2,"677,56","725,28"
129,CIÊNCIAS BIOLÓGICAS,Matutino,4.1,"584,62","597,72"
130,CIÊNCIAS BIOLÓGICAS,Matutino,4.2,"691,26","714,26"
131,CIÊNCIAS BIOLÓGICAS,Matutino,"Amplaconcorrência","723,34","779,68"
132,CIÊNCIAS BIOLÓGICAS,Noturno,1.1,"539,18","559,12"
133,CIÊNCIAS BIOLÓGICAS,Noturno,1.2,"660,80","687,14"
134,CIÊNCIAS BIOLÓGICAS,Noturno,2.1,"591,38","596,34"
135,CIÊNCIAS BIOLÓGICAS,Noturno,2.2,"660,46","677,82"
136,CIÊNCIAS BIOLÓGICAS,Noturno,3.1,"518,18","547,02"
137,CIÊNCIAS BIOLÓGICAS,Noturno,3.2,"661,50","677,62"
138,CIÊNCIAS BIOLÓGICAS,Noturno,4.1,"469,30","563,92"
139,CIÊNCIAS BIOLÓGICAS,Noturno,4.2,"685,36","715,58"
140,CIÊNCIAS BIOLÓGICAS,Noturno,"Amplaconcorrência","701,66","755,50"
141,CIÊNCIAS CONTÁBEIS,Noturno,1.1,"582,54","585,68"
142,CIÊNCIAS CONTÁBEIS,Noturno,1.2,"666,92","679,38"
143,CIÊNCIAS CONTÁBEIS,Noturno,2.1,"560,76","639,02"
144,CIÊNCIAS CONTÁBEIS,Noturno,2.2,"683,16","694,10"
145,CIÊNCIAS CONTÁBEIS,Noturno,3.1,"598,92","604,54"
146,CIÊNCIAS CONTÁBEIS,Noturno,3.2,"665,82","692,60"
147,CIÊNCIAS CONTÁBEIS,Noturno,4.1,"606,12","654,24"
148,CIÊNCIAS CONTÁBEIS,Noturno,4.2,"695,54","748,32"
149,CIÊNCIAS CONTÁBEIS,Noturno,"Amplaconcorrência","710,62","755,86"
150,CIÊNCIAS DO ESTADO,Vespertino,1.1,"537,30","548,82"
151,CIÊNCIAS DO ESTADO,Vespertino,1.2,"659,70","671,10"
152,CIÊNCIAS DO ESTADO,Vespertino,2.1,"520,86","520,86"
153,CIÊNCIAS DO ESTADO,Vespertino,2.2,"661,14","687,40"
154,CIÊNCIAS DO ESTADO,Vespertino,3.1,"595,50","635,08"
155,CIÊNCIAS DO ESTADO,Vespertino,3.2,"666,52","698,52"
156,CIÊNCIAS DO ESTADO,Vespertino,4.1,"651,04","651,04"
157,CIÊNCIAS DO ESTADO,Vespertino,4.2,"690,08","708,16"
158,CIÊNCIAS DO ESTADO,Vespertino,"Amplaconcorrência","715,52","744,90"
159,CIÊNCIAS ECONÔMICAS,Matutino,1.1,"527,46","538,34"
160,CIÊNCIAS ECONÔMICAS,Matutino,1.2,"676,42","718,90"
161,CIÊNCIAS ECONÔMICAS,Matutino,2.1,"614,88","633,26"
162,CIÊNCIAS ECONÔMICAS,Matutino,2.2,"698,90","717,92"
163,CIÊNCIAS ECONÔMICAS,Matutino,3.1,"553,64","624,78"
164,CIÊNCIAS ECONÔMICAS,Matutino,3.2,"679,14","707,54"
165,CIÊNCIAS ECONÔMICAS,Matutino,4.1,"516,22","584,94"
166,CIÊNCIAS ECONÔMICAS,Matutino,4.2,"706,68","754,90"
167,CIÊNCIAS ECONÔMICAS,Matutino,"Amplaconcorrência","747,06","782,44"
168,CIÊNCIAS SOCIAIS,Matutino,1.1,"553,18","555,86"
169,CIÊNCIAS SOCIAIS,Matutino,1.2,"640,22","663,24"
170,CIÊNCIAS SOCIAIS,Matutino,2.1,"523,56","569,08"
171,CIÊNCIAS SOCIAIS,Matutino,2.2,"650,30","686,76"
172,CIÊNCIAS SOCIAIS,Matutino,3.1,"569,90","589,96"
173,CIÊNCIAS SOCIAIS,Matutino,3.2,"656,50","680,58"
174,CIÊNCIAS SOCIAIS,Matutino,4.1,"541,18","613,04"
175,CIÊNCIAS SOCIAIS,Matutino,4.2,"671,82","719,90"
176,CIÊNCIAS SOCIAIS,Matutino,"Amplaconcorrência","697,76","749,00"
177,CIÊNCIAS SOCIOAMBIENTAIS,Noturno,1.1,"519,76","553,18"
178,CIÊNCIAS SOCIOAMBIENTAIS,Noturno,1.2,"628,06","638,00"
179,CIÊNCIAS SOCIOAMBIENTAIS,Noturno,2.1,"550,30","550,30"
180,CIÊNCIAS SOCIOAMBIENTAIS,Noturno,2.2,"645,86","689,18"
181,CIÊNCIAS SOCIOAMBIENTAIS,Noturno,3.1,"613,16","629,32"
182,CIÊNCIAS SOCIOAMBIENTAIS,Noturno,3.2,"638,22","651,42"
183,CIÊNCIAS SOCIOAMBIENTAIS,Noturno,4.1,"559,24","559,24"
184,CIÊNCIAS SOCIOAMBIENTAIS,Noturno,4.2,"668,12","687,58"
185,CIÊNCIAS SOCIOAMBIENTAIS,Noturno,"Amplaconcorrência","675,56","724,08"
186,"CONSERVAÇÃO E RESTAURAÇÃO DE BENSCULTURAIS MÓVEIS",Matutino,1.1,"556,02","556,02"
187,"CONSERVAÇÃO E RESTAURAÇÃO DE BENSCULTURAIS MÓVEIS",Matutino,1.2,"618,60","635,86"
188,"CONSERVAÇÃO E RESTAURAÇÃO DE BENSCULTURAIS MÓVEIS",Matutino,2.1,"528,88","528,88"
189,"CONSERVAÇÃO E RESTAURAÇÃO DE BENSCULTURAIS MÓVEIS",Matutino,2.2,"641,48","646,74"
190,"CONSERVAÇÃO E RESTAURAÇÃO DE BENSCULTURAIS MÓVEIS",Matutino,3.1,"580,92","580,92"
191,"CONSERVAÇÃO E RESTAURAÇÃO DE BENSCULTURAIS MÓVEIS",Matutino,3.2,"637,70","654,72"
192,"CONSERVAÇÃO E RESTAURAÇÃO DE BENSCULTURAIS MÓVEIS",Matutino,4.1,"551,72","551,72"
193,"CONSERVAÇÃO E RESTAURAÇÃO DE BENSCULTURAIS MÓVEIS",Matutino,4.2,"651,82","679,92"
194,"CONSERVAÇÃO E RESTAURAÇÃO DE BENSCULTURAIS MÓVEIS",Matutino,"Amplaconcorrência","679,82","776,24"
195,CONTROLADORIA E FINANÇAS,Matutino,1.1,"550,66","556,18"
196,CONTROLADORIA E FINANÇAS,Matutino,1.2,"665,20","707,28"
197,CONTROLADORIA E FINANÇAS,Matutino,2.1,"509,10","509,10"
198,CONTROLADORIA E FINANÇAS,Matutino,2.2,"671,74","683,78"
199,CONTROLADORIA E FINANÇAS,Matutino,3.1,"530,66","542,46"
200,CONTROLADORIA E FINANÇAS,Matutino,3.2,"662,80","697,84"
201,CONTROLADORIA E FINANÇAS,Matutino,4.1,"532,46","532,46"
202,CONTROLADORIA E FINANÇAS,Matutino,4.2,"699,30","723,08"
203,CONTROLADORIA E FINANÇAS,Matutino,"Amplaconcorrência","712,50","763,40"
204,DESIGN,Noturno,1.1,"543,34","550,12"
205,DESIGN,Noturno,1.2,"649,00","667,34"
206,DESIGN,Noturno,2.1,"552,58","552,58"
207,DESIGN,Noturno,2.2,"678,88","685,84"
208,DESIGN,Noturno,3.1,"566,48","581,50"
209,DESIGN,Noturno,3.2,"668,96","726,22"
210,DESIGN,Noturno,4.1,"646,90","646,90"
211,DESIGN,Noturno,4.2,"694,36","707,14"
212,DESIGN,Noturno,"Amplaconcorrência","713,50","736,96"
213,DIREITO,Matutino,1.1,"596,20","629,98"
214,DIREITO,Matutino,1.2,"696,44","730,34"
215,DIREITO,Matutino,2.1,"597,10","708,98"
216,DIREITO,Matutino,2.2,"716,08","752,28"
217,DIREITO,Matutino,3.1,"608,22","655,90"
218,DIREITO,Matutino,3.2,"712,64","749,76"
219,DIREITO,Matutino,4.1,"624,60","653,36"
220,DIREITO,Matutino,4.2,"731,96","774,18"
221,DIREITO,Matutino,"Amplaconcorrência","764,56","818,54"
222,DIREITO,Noturno,1.1,"606,46","680,72"
223,DIREITO,Noturno,1.2,"694,00","720,84"
224,DIREITO,Noturno,2.1,"630,40","664,14"
225,DIREITO,Noturno,2.2,"711,04","738,16"
226,DIREITO,Noturno,3.1,"587,60","626,46"
227,DIREITO,Noturno,3.2,"706,86","741,30"
228,DIREITO,Noturno,4.1,"668,06","706,02"
229,DIREITO,Noturno,4.2,"726,96","769,46"
230,DIREITO,Noturno,"Amplaconcorrência","753,56","790,28"
231,EDUCAÇÃO FÍSICA (Bacharelado),Matutino,1.1,"571,32","577,62"
232,EDUCAÇÃO FÍSICA (Bacharelado),Matutino,1.2,"651,02","676,96"
233,EDUCAÇÃO FÍSICA (Bacharelado),Matutino,2.1,"665,60","665,60"
234,EDUCAÇÃO FÍSICA (Bacharelado),Matutino,2.2,"656,62","707,02"
235,EDUCAÇÃO FÍSICA (Bacharelado),Matutino,3.1,"582,02","590,80"
236,EDUCAÇÃO FÍSICA (Bacharelado),Matutino,3.2,"673,44","686,74"
237,EDUCAÇÃO FÍSICA (Bacharelado),Matutino,4.1,"552,24","552,24"
238,EDUCAÇÃO FÍSICA (Bacharelado),Matutino,4.2,"688,22","711,66"
239,EDUCAÇÃO FÍSICA (Bacharelado),Matutino,"Amplaconcorrência","699,52","770,50"
240,EDUCAÇÃO FÍSICA (Bacharelado),Noturno,1.1,"591,42","591,42"
241,EDUCAÇÃO FÍSICA (Bacharelado),Noturno,1.2,"656,26","671,44"
242,EDUCAÇÃO FÍSICA (Bacharelado),Noturno,2.1,"572,06","572,06"
243,EDUCAÇÃO FÍSICA (Bacharelado),Noturno,2.2,"671,62","680,76"
244,EDUCAÇÃO FÍSICA (Bacharelado),Noturno,3.1,"570,38","570,38"
245,EDUCAÇÃO FÍSICA (Bacharelado),Noturno,3.2,"670,02","679,58"
246,EDUCAÇÃO FÍSICA (Bacharelado),Noturno,4.1,"544,74","544,74"
247,EDUCAÇÃO FÍSICA (Bacharelado),Noturno,4.2,"679,50","695,52"
248,EDUCAÇÃO FÍSICA (Bacharelado),Noturno,"Amplaconcorrência","692,50","741,38"
249,EDUCAÇÃO FÍSICA (Licenciatura),Matutino,1.1,"546,44","554,76"
250,EDUCAÇÃO FÍSICA (Licenciatura),Matutino,1.2,"639,14","670,02"
251,EDUCAÇÃO FÍSICA (Licenciatura),Matutino,2.1,"545,02","545,02"
252,EDUCAÇÃO FÍSICA (Licenciatura),Matutino,2.2,"647,90","660,18"
253,EDUCAÇÃO FÍSICA (Licenciatura),Matutino,3.1,"564,68","576,70"
254,EDUCAÇÃO FÍSICA (Licenciatura),Matutino,3.2,"640,82","668,42"
255,EDUCAÇÃO FÍSICA (Licenciatura),Matutino,4.1,"621,26","621,26"
256,EDUCAÇÃO FÍSICA (Licenciatura),Matutino,4.2,"657,42","695,46"
257,EDUCAÇÃO FÍSICA (Licenciatura),Matutino,"Amplaconcorrência","669,56","715,48"
258,ENFERMAGEM,Matutino,1.1,"579,10","622,56"
259,ENFERMAGEM,Matutino,1.2,"685,14","717,74"
260,ENFERMAGEM,Matutino,2.1,"567,10","625,72"
261,ENFERMAGEM,Matutino,2.2,"693,86","707,44"
262,ENFERMAGEM,Matutino,3.1,"612,00","647,00"
263,ENFERMAGEM,Matutino,3.2,"696,06","711,40"
264,ENFERMAGEM,Matutino,4.1,"629,06","690,86"
265,ENFERMAGEM,Matutino,4.2,"697,52","744,18"
266,ENFERMAGEM,Matutino,"Amplaconcorrência","723,76","766,76"
267,ENGENHARIA AEROESPACIAL,Matutino,1.1,"627,76","629,40"
268,ENGENHARIA AEROESPACIAL,Matutino,1.2,"718,08","727,76"
269,ENGENHARIA AEROESPACIAL,Matutino,2.1,"623,06","623,06"
270,ENGENHARIA AEROESPACIAL,Matutino,2.2,"728,70","754,80"
271,ENGENHARIA AEROESPACIAL,Matutino,3.1,"647,30","696,66"
272,ENGENHARIA AEROESPACIAL,Matutino,3.2,"734,26","766,94"
273,ENGENHARIA AEROESPACIAL,Matutino,4.1,"595,42","595,42"
274,ENGENHARIA AEROESPACIAL,Matutino,4.2,"751,24","767,10"
275,ENGENHARIA AEROESPACIAL,Matutino,"Amplaconcorrência","768,04","822,40"
276,ENGENHARIA AGRÍCOLA E AMBIENTAL,Matutino,1.1,"601,36","601,36"
277,ENGENHARIA AGRÍCOLA E AMBIENTAL,Matutino,1.2,"620,56","646,46"
278,ENGENHARIA AGRÍCOLA E AMBIENTAL,Matutino,2.1,"577,12","577,12"
279,ENGENHARIA AGRÍCOLA E AMBIENTAL,Matutino,2.2,"618,14","650,10"
280,ENGENHARIA AGRÍCOLA E AMBIENTAL,Matutino,3.1,"575,64","575,64"
281,ENGENHARIA AGRÍCOLA E AMBIENTAL,Matutino,3.2,"617,52","636,84"
282,ENGENHARIA AGRÍCOLA E AMBIENTAL,Matutino,4.1,"516,84","516,84"
283,ENGENHARIA AGRÍCOLA E AMBIENTAL,Matutino,4.2,"635,28","656,68"
284,ENGENHARIA AGRÍCOLA E AMBIENTAL,Matutino,"Amplaconcorrência","657,68","719,02"
285,ENGENHARIA AMBIENTAL,Matutino,1.1,"536,86","562,54"
286,ENGENHARIA AMBIENTAL,Matutino,1.2,"664,24","688,64"
287,ENGENHARIA AMBIENTAL,Matutino,2.1,"544,30","544,30"
288,ENGENHARIA AMBIENTAL,Matutino,2.2,"690,48","703,54"
289,ENGENHARIA AMBIENTAL,Matutino,3.1,"528,38","591,48"
290,ENGENHARIA AMBIENTAL,Matutino,3.2,"683,56","697,64"
291,ENGENHARIA AMBIENTAL,Matutino,4.1,"581,30","581,30"
292,ENGENHARIA AMBIENTAL,Matutino,4.2,"691,12","741,82"
293,ENGENHARIA AMBIENTAL,Matutino,"Amplaconcorrência","716,64","753,90"
294,ENGENHARIA CIVIL,Matutino,1.1,"572,42","633,64"
295,ENGENHARIA CIVIL,Matutino,1.2,"684,84","712,26"
296,ENGENHARIA CIVIL,Matutino,2.1,"577,04","609,88"
297,ENGENHARIA CIVIL,Matutino,2.2,"694,02","732,20"
298,ENGENHARIA CIVIL,Matutino,3.1,"570,22","655,58"
299,ENGENHARIA CIVIL,Matutino,3.2,"699,70","725,10"
300,ENGENHARIA CIVIL,Matutino,4.1,"623,64","636,54"
301,ENGENHARIA CIVIL,Matutino,4.2,"723,74","762,04"
302,ENGENHARIA CIVIL,Matutino,"Amplaconcorrência","742,00","782,80"
303,ENGENHARIA DE ALIMENTOS,Matutino,1.1,"587,10","587,10"
304,ENGENHARIA DE ALIMENTOS,Matutino,1.2,"627,22","656,68"
305,ENGENHARIA DE ALIMENTOS,Matutino,2.1,"555,06","555,06"
306,ENGENHARIA DE ALIMENTOS,Matutino,2.2,"633,20","670,44"
307,ENGENHARIA DE ALIMENTOS,Matutino,3.1,"631,86","631,86"
308,ENGENHARIA DE ALIMENTOS,Matutino,3.2,"629,90","633,62"
309,ENGENHARIA DE ALIMENTOS,Matutino,4.1,"536,38","536,38"
310,ENGENHARIA DE ALIMENTOS,Matutino,4.2,"658,70","679,24"
311,ENGENHARIA DE ALIMENTOS,Matutino,"Amplaconcorrência","676,92","748,32"
312,ENGENHARIA DE CONTROLE E AUTOMAÇÃO,Matutino,1.1,"536,42","536,42"
313,ENGENHARIA DE CONTROLE E AUTOMAÇÃO,Matutino,1.2,"676,42","723,64"
314,ENGENHARIA DE CONTROLE E AUTOMAÇÃO,Matutino,2.1,"565,12","566,74"
315,ENGENHARIA DE CONTROLE E AUTOMAÇÃO,Matutino,2.2,"696,30","713,76"
316,ENGENHARIA DE CONTROLE E AUTOMAÇÃO,Matutino,3.1,"540,40","569,76"
317,ENGENHARIA DE CONTROLE E AUTOMAÇÃO,Matutino,3.2,"700,94","762,64"
318,ENGENHARIA DE CONTROLE E AUTOMAÇÃO,Matutino,4.1,"557,22","671,60"
319,ENGENHARIA DE CONTROLE E AUTOMAÇÃO,Matutino,4.2,"733,30","792,62"
320,ENGENHARIA DE CONTROLE E AUTOMAÇÃO,Matutino,"Amplaconcorrência","741,34","789,66"
321,ENGENHARIA DE CONTROLE E AUTOMAÇÃO,Noturno,1.1,"511,86","613,34"
322,ENGENHARIA DE CONTROLE E AUTOMAÇÃO,Noturno,1.2,"676,00","702,76"
323,ENGENHARIA DE CONTROLE E AUTOMAÇÃO,Noturno,2.1,"663,30","663,30"
324,ENGENHARIA DE CONTROLE E AUTOMAÇÃO,Noturno,2.2,"694,36","716,70"
325,ENGENHARIA DE CONTROLE E AUTOMAÇÃO,Noturno,3.1,"565,16","590,92"
326,ENGENHARIA DE CONTROLE E AUTOMAÇÃO,Noturno,3.2,"710,94","741,14"
327,ENGENHARIA DE CONTROLE E AUTOMAÇÃO,Noturno,4.1,"576,68","576,68"
328,ENGENHARIA DE CONTROLE E AUTOMAÇÃO,Noturno,4.2,"727,38","746,76"
329,ENGENHARIA DE CONTROLE E AUTOMAÇÃO,Noturno,"Amplaconcorrência","735,66","756,56"
330,ENGENHARIA DE MINAS,Matutino,1.1,"560,24","567,34"
331,ENGENHARIA DE MINAS,Matutino,1.2,"675,10","700,62"
332,ENGENHARIA DE MINAS,Matutino,2.2,"689,98","723,14"
333,ENGENHARIA DE MINAS,Matutino,3.1,"575,78","622,02"
334,ENGENHARIA DE MINAS,Matutino,3.2,"691,50","719,32"
335,ENGENHARIA DE MINAS,Matutino,4.2,"701,36","738,46"
336,ENGENHARIA DE MINAS,Matutino,"Amplaconcorrência","718,68","752,22"
337,ENGENHARIA DE PRODUÇÃO,Matutino,1.1,"549,94","617,00"
338,ENGENHARIA DE PRODUÇÃO,Matutino,1.2,"671,62","705,20"
339,ENGENHARIA DE PRODUÇÃO,Matutino,2.1,"572,72","603,82"
340,ENGENHARIA DE PRODUÇÃO,Matutino,2.2,"695,76","727,90"
341,ENGENHARIA DE PRODUÇÃO,Matutino,3.1,"546,56","615,34"
342,ENGENHARIA DE PRODUÇÃO,Matutino,3.2,"681,90","738,32"
343,ENGENHARIA DE PRODUÇÃO,Matutino,4.1,"515,06","542,28"
344,ENGENHARIA DE PRODUÇÃO,Matutino,4.2,"723,48","753,58"
345,ENGENHARIA DE PRODUÇÃO,Matutino,"Amplaconcorrência","744,02","796,36"
346,ENGENHARIA DE SISTEMAS,Noturno,1.1,"559,02","562,02"
347,ENGENHARIA DE SISTEMAS,Noturno,1.2,"673,96","708,08"
348,ENGENHARIA DE SISTEMAS,Noturno,2.1,"584,18","584,18"
349,ENGENHARIA DE SISTEMAS,Noturno,2.2,"685,88","695,08"
350,ENGENHARIA DE SISTEMAS,Noturno,3.1,"583,40","634,92"
351,ENGENHARIA DE SISTEMAS,Noturno,3.2,"695,08","705,88"
352,ENGENHARIA DE SISTEMAS,Noturno,4.1,"638,94","638,94"
353,ENGENHARIA DE SISTEMAS,Noturno,4.2,"708,38","741,88"
354,ENGENHARIA DE SISTEMAS,Noturno,"Amplaconcorrência","725,32","783,56"
355,ENGENHARIA ELÉTRICA,Matutino,1.1,"555,94","563,62"
356,ENGENHARIA ELÉTRICA,Matutino,1.2,"690,74","762,18"
357,ENGENHARIA ELÉTRICA,Matutino,2.1,"588,76","647,70"
358,ENGENHARIA ELÉTRICA,Matutino,2.2,"704,66","747,60"
359,ENGENHARIA ELÉTRICA,Matutino,3.1,"572,94","597,68"
360,ENGENHARIA ELÉTRICA,Matutino,3.2,"718,36","744,50"
361,ENGENHARIA ELÉTRICA,Matutino,4.1,"702,00","705,74"
362,ENGENHARIA ELÉTRICA,Matutino,4.2,"726,84","781,72"
363,ENGENHARIA ELÉTRICA,Matutino,"Amplaconcorrência","753,54","805,94"
364,ENGENHARIA FLORESTAL,Matutino,1.2,"605,06","656,10"
365,ENGENHARIA FLORESTAL,Matutino,2.1,"534,96","534,96"
366,ENGENHARIA FLORESTAL,Matutino,2.2,"637,76","665,00"
367,ENGENHARIA FLORESTAL,Matutino,3.1,"530,90","530,90"
368,ENGENHARIA FLORESTAL,Matutino,3.2,"619,82","645,32"
369,ENGENHARIA FLORESTAL,Matutino,4.1,"572,08","572,08"
370,ENGENHARIA FLORESTAL,Matutino,4.2,"643,68","669,86"
371,ENGENHARIA FLORESTAL,Matutino,"Amplaconcorrência","656,42","709,58"
372,ENGENHARIA MECÂNICA,Matutino,1.1,"570,32","632,12"
373,ENGENHARIA MECÂNICA,Matutino,1.2,"688,42","716,76"
374,ENGENHARIA MECÂNICA,Matutino,2.1,"587,48","601,80"
375,ENGENHARIA MECÂNICA,Matutino,2.2,"713,24","754,38"
376,ENGENHARIA MECÂNICA,Matutino,3.1,"532,82","577,16"
377,ENGENHARIA MECÂNICA,Matutino,3.2,"702,50","755,88"
378,ENGENHARIA MECÂNICA,Matutino,4.1,"607,70","608,48"
379,ENGENHARIA MECÂNICA,Matutino,4.2,"745,50","763,66"
380,ENGENHARIA MECÂNICA,Matutino,"Amplaconcorrência","756,62","800,24"
381,ENGENHARIA MECÂNICA,Noturno,1.1,"615,54","615,82"
382,ENGENHARIA MECÂNICA,Noturno,1.2,"691,62","716,38"
383,ENGENHARIA MECÂNICA,Noturno,2.1,"594,28","600,56"
384,ENGENHARIA MECÂNICA,Noturno,2.2,"698,54","716,82"
385,ENGENHARIA MECÂNICA,Noturno,3.1,"628,96","639,86"
386,ENGENHARIA MECÂNICA,Noturno,3.2,"696,44","716,22"
387,ENGENHARIA MECÂNICA,Noturno,4.1,"594,90","599,16"
388,ENGENHARIA MECÂNICA,Noturno,4.2,"719,38","764,44"
389,ENGENHARIA MECÂNICA,Noturno,"Amplaconcorrência","745,54","776,64"
390,ENGENHARIA METALÚRGICA,Matutino,1.1,"499,24","570,12"
391,ENGENHARIA METALÚRGICA,Matutino,1.2,"668,58","681,98"
392,ENGENHARIA METALÚRGICA,Matutino,2.1,"478,20","478,20"
393,ENGENHARIA METALÚRGICA,Matutino,2.2,"684,98","702,28"
394,ENGENHARIA METALÚRGICA,Matutino,3.1,"509,88","544,80"
395,ENGENHARIA METALÚRGICA,Matutino,3.2,"678,90","707,94"
396,ENGENHARIA METALÚRGICA,Matutino,4.1,"547,02","547,02"
397,ENGENHARIA METALÚRGICA,Matutino,4.2,"706,66","721,16"
398,ENGENHARIA METALÚRGICA,Matutino,"Amplaconcorrência","714,46","746,84"
399,ENGENHARIA QUÍMICA,Matutino,1.1,"518,20","599,60"
400,ENGENHARIA QUÍMICA,Matutino,1.2,"702,54","736,12"
401,ENGENHARIA QUÍMICA,Matutino,2.1,"554,12","554,12"
402,ENGENHARIA QUÍMICA,Matutino,2.2,"728,92","744,42"
403,ENGENHARIA QUÍMICA,Matutino,3.1,"585,18","612,24"
404,ENGENHARIA QUÍMICA,Matutino,3.2,"713,10","738,30"
405,ENGENHARIA QUÍMICA,Matutino,4.1,"585,94","585,94"
406,ENGENHARIA QUÍMICA,Matutino,4.2,"749,00","787,34"
407,ENGENHARIA QUÍMICA,Matutino,"Amplaconcorrência","768,12","821,76"
408,ESTATÍSTICA,Matutino,1.1,"529,70","539,80"
409,ESTATÍSTICA,Matutino,1.2,"652,16","687,64"
410,ESTATÍSTICA,Matutino,2.1,"484,22","484,22"
411,ESTATÍSTICA,Matutino,2.2,"693,68","724,46"
412,ESTATÍSTICA,Matutino,3.1,"650,84","650,84"
413,ESTATÍSTICA,Matutino,3.2,"655,72","669,80"
414,ESTATÍSTICA,Matutino,4.2,"681,98","734,20"
415,ESTATÍSTICA,Matutino,"Amplaconcorrência","708,68","760,58"
416,FARMÁCIA,Matutino,1.1,"552,36","582,90"
417,FARMÁCIA,Matutino,1.2,"669,34","697,46"
418,FARMÁCIA,Matutino,2.1,"577,34","586,04"
419,FARMÁCIA,Matutino,2.2,"689,04","733,34"
420,FARMÁCIA,Matutino,3.1,"556,78","605,78"
421,FARMÁCIA,Matutino,3.2,"675,98","689,90"
422,FARMÁCIA,Matutino,4.1,"588,30","613,42"
423,FARMÁCIA,Matutino,4.2,"694,82","729,40"
424,FARMÁCIA,Matutino,"Amplaconcorrência","720,36","790,42"
425,FARMÁCIA,Noturno,1.1,"559,30","581,28"
426,FARMÁCIA,Noturno,1.2,"659,80","683,36"
427,FARMÁCIA,Noturno,2.1,"541,84","560,00"
428,FARMÁCIA,Noturno,2.2,"684,92","711,82"
429,FARMÁCIA,Noturno,3.1,"515,14","594,04"
430,FARMÁCIA,Noturno,3.2,"666,50","695,94"
431,FARMÁCIA,Noturno,4.1,"614,66","630,22"
432,FARMÁCIA,Noturno,4.2,"690,84","757,98"
433,FARMÁCIA,Noturno,"Amplaconcorrência","708,22","754,48"
434,FILOSOFIA,Matutino,1.1,"516,20","542,86"
435,FILOSOFIA,Matutino,1.2,"640,22","663,00"
436,FILOSOFIA,Matutino,2.1,"582,18","582,18"
437,FILOSOFIA,Matutino,2.2,"651,22","661,08"
438,FILOSOFIA,Matutino,3.1,"598,78","598,78"
439,FILOSOFIA,Matutino,3.2,"653,40","672,70"
440,FILOSOFIA,Matutino,4.1,"556,06","556,06"
441,FILOSOFIA,Matutino,4.2,"667,76","687,70"
442,FILOSOFIA,Matutino,"Amplaconcorrência","706,84","782,10"
443,FILOSOFIA,Noturno,1.1,"551,86","551,86"
444,FILOSOFIA,Noturno,1.2,"643,90","665,70"
445,FILOSOFIA,Noturno,2.1,"565,16","565,16"
446,FILOSOFIA,Noturno,2.2,"669,22","678,24"
447,FILOSOFIA,Noturno,3.1,"546,86","546,86"
448,FILOSOFIA,Noturno,3.2,"639,88","683,24"
449,FILOSOFIA,Noturno,4.1,"661,16","661,16"
450,FILOSOFIA,Noturno,4.2,"685,08","722,72"
451,FILOSOFIA,Noturno,"Amplaconcorrência","695,26","742,40"
452,FISIOTERAPIA,Matutino,1.1,"552,72","564,78"
453,FISIOTERAPIA,Matutino,1.2,"679,48","701,82"
454,FISIOTERAPIA,Matutino,2.1,"596,16","626,00"
455,FISIOTERAPIA,Matutino,2.2,"697,00","722,70"
456,FISIOTERAPIA,Matutino,3.1,"586,34","627,58"
457,FISIOTERAPIA,Matutino,3.2,"694,26","712,64"
458,FISIOTERAPIA,Matutino,4.1,"643,36","643,58"
459,FISIOTERAPIA,Matutino,4.2,"698,04","717,02"
460,FISIOTERAPIA,Matutino,"Amplaconcorrência","715,96","766,52"
461,FONOAUDIOLOGIA,Matutino,1.1,"503,94","516,02"
462,FONOAUDIOLOGIA,Matutino,1.2,"662,58","676,76"
463,FONOAUDIOLOGIA,Matutino,2.1,"646,06","646,06"
464,FONOAUDIOLOGIA,Matutino,2.2,"674,46","712,86"
465,FONOAUDIOLOGIA,Matutino,3.1,"545,44","606,90"
466,FONOAUDIOLOGIA,Matutino,3.2,"673,98","687,18"
467,FONOAUDIOLOGIA,Matutino,4.1,"571,64","571,64"
468,FONOAUDIOLOGIA,Matutino,4.2,"685,06","703,52"
469,FONOAUDIOLOGIA,Matutino,"Amplaconcorrência","699,06","752,94"
470,FÍSICA,Matutino,1.1,"526,22","540,54"
471,FÍSICA,Matutino,1.2,"654,72","701,30"
472,FÍSICA,Matutino,2.1,"521,68","521,68"
473,FÍSICA,Matutino,2.2,"669,90","706,20"
474,FÍSICA,Matutino,3.1,"579,66","579,66"
475,FÍSICA,Matutino,3.2,"673,34","717,26"
476,FÍSICA,Matutino,4.1,"524,20","550,64"
477,FÍSICA,Matutino,4.2,"698,30","733,46"
478,FÍSICA,Matutino,"Amplaconcorrência","720,50","805,24"
479,FÍSICA,Noturno,1.1,"526,26","526,26"
480,FÍSICA,Noturno,1.2,"655,62","674,40"
481,FÍSICA,Noturno,2.1,"602,76","602,76"
482,FÍSICA,Noturno,2.2,"672,60","675,60"
483,FÍSICA,Noturno,3.1,"546,46","546,46"
484,FÍSICA,Noturno,3.2,"661,64","704,76"
485,FÍSICA,Noturno,4.1,"614,62","614,62"
486,FÍSICA,Noturno,4.2,"683,32","727,66"
487,FÍSICA,Noturno,"Amplaconcorrência","701,20","779,32"
488,GEOGRAFIA,Matutino,1.1,"486,88","486,88"
489,GEOGRAFIA,Matutino,1.2,"656,48","675,12"
490,GEOGRAFIA,Matutino,2.1,"538,54","538,54"
491,GEOGRAFIA,Matutino,2.2,"663,42","710,66"
492,GEOGRAFIA,Matutino,3.1,"532,92","532,92"
493,GEOGRAFIA,Matutino,3.2,"646,16","679,04"
494,GEOGRAFIA,Matutino,4.1,"532,42","532,42"
495,GEOGRAFIA,Matutino,4.2,"667,50","680,68"
496,GEOGRAFIA,Matutino,"Amplaconcorrência","692,56","740,66"
497,GEOGRAFIA,Noturno,1.1,"539,98","577,36"
498,GEOGRAFIA,Noturno,1.2,"636,66","661,26"
499,GEOGRAFIA,Noturno,2.1,"590,14","597,72"
500,GEOGRAFIA,Noturno,2.2,"642,82","661,42"
501,GEOGRAFIA,Noturno,3.1,"525,26","557,46"
502,GEOGRAFIA,Noturno,3.2,"643,70","656,60"
503,GEOGRAFIA,Noturno,4.1,"495,74","501,54"
504,GEOGRAFIA,Noturno,4.2,"661,38","696,36"
505,GEOGRAFIA,Noturno,"Amplaconcorrência","672,32","724,80"
506,GEOLOGIA,Matutino,1.2,"651,88","690,16"
507,GEOLOGIA,Matutino,2.1,"525,50","525,50"
508,GEOLOGIA,Matutino,2.2,"691,36","724,72"
509,GEOLOGIA,Matutino,3.1,"520,54","520,54"
510,GEOLOGIA,Matutino,3.2,"688,20","720,20"
511,GEOLOGIA,Matutino,4.1,"645,66","645,66"
512,GEOLOGIA,Matutino,4.2,"694,16","713,56"
513,GEOLOGIA,Matutino,"Amplaconcorrência","719,04","756,70"
514,GESTÃO DE SERVIÇOS DE SAÚDE,Noturno,1.1,"545,02","550,46"
515,GESTÃO DE SERVIÇOS DE SAÚDE,Noturno,1.2,"627,44","655,24"
516,GESTÃO DE SERVIÇOS DE SAÚDE,Noturno,2.1,"514,28","549,22"
517,GESTÃO DE SERVIÇOS DE SAÚDE,Noturno,2.2,"634,74","647,68"
518,GESTÃO DE SERVIÇOS DE SAÚDE,Noturno,3.1,"564,04","594,12"
519,GESTÃO DE SERVIÇOS DE SAÚDE,Noturno,3.2,"637,72","665,54"
520,GESTÃO DE SERVIÇOS DE SAÚDE,Noturno,4.1,"503,46","526,44"
521,GESTÃO DE SERVIÇOS DE SAÚDE,Noturno,4.2,"645,48","690,64"
522,GESTÃO DE SERVIÇOS DE SAÚDE,Noturno,"Amplaconcorrência","662,14","721,68"
523,GESTÃO PÚBLICA,Noturno,1.1,"553,62","577,42"
524,GESTÃO PÚBLICA,Noturno,1.2,"647,56","659,18"
525,GESTÃO PÚBLICA,Noturno,2.1,"555,42","560,30"
526,GESTÃO PÚBLICA,Noturno,2.2,"661,82","679,58"
527,GESTÃO PÚBLICA,Noturno,3.1,"561,58","574,26"
528,GESTÃO PÚBLICA,Noturno,3.2,"658,36","666,28"
529,GESTÃO PÚBLICA,Noturno,4.1,"605,04","650,58"
530,GESTÃO PÚBLICA,Noturno,4.2,"679,36","690,06"
531,GESTÃO PÚBLICA,Noturno,"Amplaconcorrência","695,14","765,02"
532,HISTÓRIA,Matutino,1.1,"535,78","535,78"
533,HISTÓRIA,Matutino,1.2,"671,66","699,96"
534,HISTÓRIA,Matutino,2.1,"627,02","627,02"
535,HISTÓRIA,Matutino,2.2,"704,94","713,68"
536,HISTÓRIA,Matutino,3.1,"647,82","647,82"
537,HISTÓRIA,Matutino,3.2,"690,22","712,00"
538,HISTÓRIA,Matutino,4.1,"592,84","592,84"
539,HISTÓRIA,Matutino,4.2,"683,70","721,62"
540,HISTÓRIA,Matutino,"Amplaconcorrência","726,44","771,82"
541,HISTÓRIA,Noturno,1.1,"587,80","587,80"
542,HISTÓRIA,Noturno,1.2,"660,22","682,02"
543,HISTÓRIA,Noturno,2.1,"591,04","591,04"
544,HISTÓRIA,Noturno,2.2,"681,68","690,46"
545,HISTÓRIA,Noturno,3.1,"548,02","548,02"
546,HISTÓRIA,Noturno,3.2,"662,56","722,52"
547,HISTÓRIA,Noturno,4.1,"598,74","598,74"
548,HISTÓRIA,Noturno,4.2,"689,98","709,06"
549,HISTÓRIA,Noturno,"Amplaconcorrência","712,28","735,00"
550,JORNALISMO,Matutino,1.1,"575,52","575,52"
551,JORNALISMO,Matutino,1.2,"676,48","691,38"
552,JORNALISMO,Matutino,2.2,"674,98","688,28"
553,JORNALISMO,Matutino,3.1,"568,20","568,20"
554,JORNALISMO,Matutino,3.2,"677,52","679,18"
555,JORNALISMO,Matutino,4.2,"723,18","725,98"
556,JORNALISMO,Matutino,"Amplaconcorrência","736,06","759,20"
557,JORNALISMO,Noturno,1.1,"586,60","586,60"
558,JORNALISMO,Noturno,1.2,"660,82","678,00"
559,JORNALISMO,Noturno,2.1,"595,92","595,92"
560,JORNALISMO,Noturno,2.2,"684,46","689,44"
561,JORNALISMO,Noturno,3.1,"559,70","559,70"
562,JORNALISMO,Noturno,3.2,"680,44","687,40"
563,JORNALISMO,Noturno,4.1,"587,98","587,98"
564,JORNALISMO,Noturno,4.2,"690,24","699,18"
565,JORNALISMO,Noturno,"Amplaconcorrência","725,54","771,40"
566,LETRAS (Bacharelado),Matutino,1.1,"483,84","537,10"
567,LETRAS (Bacharelado),Matutino,1.2,"643,42","667,90"
568,LETRAS (Bacharelado),Matutino,2.1,"567,62","567,62"
569,LETRAS (Bacharelado),Matutino,2.2,"647,70","695,52"
570,LETRAS (Bacharelado),Matutino,3.1,"450,00","540,12"
571,LETRAS (Bacharelado),Matutino,3.2,"654,58","700,56"
572,LETRAS (Bacharelado),Matutino,4.1,"516,24","516,24"
573,LETRAS (Bacharelado),Matutino,4.2,"673,40","715,92"
574,LETRAS (Bacharelado),Matutino,"Amplaconcorrência","703,70","793,92"
575,LETRAS (Bacharelado),Noturno,1.1,"497,92","505,34"
576,LETRAS (Bacharelado),Noturno,1.2,"635,48","656,64"
577,LETRAS (Bacharelado),Noturno,2.1,"591,04","633,20"
578,LETRAS (Bacharelado),Noturno,2.2,"646,36","662,64"
579,LETRAS (Bacharelado),Noturno,3.1,"562,60","568,88"
580,LETRAS (Bacharelado),Noturno,3.2,"645,82","686,40"
581,LETRAS (Bacharelado),Noturno,4.1,"560,50","607,82"
582,LETRAS (Bacharelado),Noturno,4.2,"665,90","686,50"
583,LETRAS (Bacharelado),Noturno,"Amplaconcorrência","677,38","748,10"
584,LETRAS (Licenciatura),Matutino,1.1,"572,88","595,52"
585,LETRAS (Licenciatura),Matutino,1.2,"633,08","656,88"
586,LETRAS (Licenciatura),Matutino,2.1,"523,62","538,46"
587,LETRAS (Licenciatura),Matutino,2.2,"655,58","692,06"
588,LETRAS (Licenciatura),Matutino,3.1,"565,56","593,58"
589,LETRAS (Licenciatura),Matutino,3.2,"642,10","676,18"
590,LETRAS (Licenciatura),Matutino,4.1,"437,36","534,46"
591,LETRAS (Licenciatura),Matutino,4.2,"672,24","708,48"
592,LETRAS (Licenciatura),Matutino,"Amplaconcorrência","695,26","770,60"
593,LETRAS (Licenciatura),Noturno,1.1,"516,10","582,16"
594,LETRAS (Licenciatura),Noturno,1.2,"630,74","685,20"
595,LETRAS (Licenciatura),Noturno,2.1,"499,28","540,68"
596,LETRAS (Licenciatura),Noturno,2.2,"648,06","680,00"
597,LETRAS (Licenciatura),Noturno,3.1,"513,74","584,94"
598,LETRAS (Licenciatura),Noturno,3.2,"635,02","668,20"
599,LETRAS (Licenciatura),Noturno,4.1,"536,84","551,56"
600,LETRAS (Licenciatura),Noturno,4.2,"660,92","698,08"
601,LETRAS (Licenciatura),Noturno,"Amplaconcorrência","669,06","751,72"
602,MATEMÁTICA,Matutino,1.1,"534,28","548,82"
603,MATEMÁTICA,Matutino,1.2,"660,66","707,20"
604,MATEMÁTICA,Matutino,2.1,"536,82","568,68"
605,MATEMÁTICA,Matutino,2.2,"673,56","715,68"
606,MATEMÁTICA,Matutino,3.1,"519,10","542,08"
607,MATEMÁTICA,Matutino,3.2,"664,46","696,74"
608,MATEMÁTICA,Matutino,4.1,"455,96","572,64"
609,MATEMÁTICA,Matutino,4.2,"695,54","721,40"
610,MATEMÁTICA,Matutino,"Amplaconcorrência","698,12","784,06"
611,MATEMÁTICA,Noturno,1.1,"504,78","504,78"
612,MATEMÁTICA,Noturno,1.2,"659,30","679,86"
613,MATEMÁTICA,Noturno,2.1,"531,86","531,86"
614,MATEMÁTICA,Noturno,2.2,"677,58","682,58"
615,MATEMÁTICA,Noturno,3.1,"568,32","568,32"
616,MATEMÁTICA,Noturno,3.2,"662,54","704,98"
617,MATEMÁTICA,Noturno,4.2,"685,90","689,50"
618,MATEMÁTICA,Noturno,"Amplaconcorrência","698,42","755,82"
619,MATEMÁTICA COMPUTACIONAL,Matutino,1.1,"335,20","335,20"
620,MATEMÁTICA COMPUTACIONAL,Matutino,1.2,"671,50","674,94"
621,MATEMÁTICA COMPUTACIONAL,Matutino,2.2,"671,88","674,10"
622,MATEMÁTICA COMPUTACIONAL,Matutino,3.1,"607,30","607,30"
623,MATEMÁTICA COMPUTACIONAL,Matutino,3.2,"649,96","677,70"
624,MATEMÁTICA COMPUTACIONAL,Matutino,4.2,"703,94","724,50"
625,MATEMÁTICA COMPUTACIONAL,Matutino,"Amplaconcorrência","720,88","752,92"
626,MEDICINA,Integral,1.1,"682,36","713,12"
627,MEDICINA,Integral,1.2,"745,48","776,96"
628,MEDICINA,Integral,2.1,"698,22","731,80"
629,MEDICINA,Integral,2.2,"761,98","787,66"
630,MEDICINA,Integral,3.1,"681,94","729,34"
631,MEDICINA,Integral,3.2,"753,52","785,70"
632,MEDICINA,Integral,4.1,"713,42","754,00"
633,MEDICINA,Integral,4.2,"777,76","805,12"
634,MEDICINA,Integral,"Amplaconcorrência","796,18","851,52"
635,MEDICINA VETERINÁRIA,Matutino,1.1,"618,74","649,56"
636,MEDICINA VETERINÁRIA,Matutino,1.2,"695,36","725,74"
637,MEDICINA VETERINÁRIA,Matutino,2.1,"629,42","650,50"
638,MEDICINA VETERINÁRIA,Matutino,2.2,"703,76","718,32"
639,MEDICINA VETERINÁRIA,Matutino,3.1,"617,62","653,24"
640,MEDICINA VETERINÁRIA,Matutino,3.2,"697,78","718,40"
641,MEDICINA VETERINÁRIA,Matutino,4.1,"635,92","639,56"
642,MEDICINA VETERINÁRIA,Matutino,4.2,"724,00","750,02"
643,MEDICINA VETERINÁRIA,Matutino,"Amplaconcorrência","735,40","776,14"
644,MUSEOLOGIA,Matutino,1.1,"521,54","521,54"
645,MUSEOLOGIA,Matutino,1.2,"618,74","641,84"
646,MUSEOLOGIA,Matutino,2.1,"579,56","579,56"
647,MUSEOLOGIA,Matutino,2.2,"619,12","646,90"
648,MUSEOLOGIA,Matutino,3.1,"523,30","523,30"
649,MUSEOLOGIA,Matutino,3.2,"618,26","652,74"
650,MUSEOLOGIA,Matutino,4.1,"566,68","566,68"
651,MUSEOLOGIA,Matutino,4.2,"639,72","652,80"
652,MUSEOLOGIA,Matutino,"Amplaconcorrência","653,76","705,48"
653,NUTRIÇÃO,Matutino,1.1,"585,08","596,14"
654,NUTRIÇÃO,Matutino,1.2,"664,04","688,78"
655,NUTRIÇÃO,Matutino,2.1,"584,32","600,32"
656,NUTRIÇÃO,Matutino,2.2,"690,74","703,64"
657,NUTRIÇÃO,Matutino,3.1,"614,30","633,88"
658,NUTRIÇÃO,Matutino,3.2,"671,14","695,18"
659,NUTRIÇÃO,Matutino,4.1,"569,70","570,24"
660,NUTRIÇÃO,Matutino,4.2,"697,66","725,10"
661,NUTRIÇÃO,Matutino,"Amplaconcorrência","718,46","748,74"
662,ODONTOLOGIA,Matutino,1.1,"579,54","703,60"
663,ODONTOLOGIA,Matutino,1.2,"708,48","744,26"
664,ODONTOLOGIA,Matutino,2.1,"633,92","664,12"
665,ODONTOLOGIA,Matutino,2.2,"716,14","735,78"
666,ODONTOLOGIA,Matutino,3.1,"634,10","662,32"
667,ODONTOLOGIA,Matutino,3.2,"710,60","743,38"
668,ODONTOLOGIA,Matutino,4.1,"600,08","626,30"
669,ODONTOLOGIA,Matutino,4.2,"723,22","748,52"
670,ODONTOLOGIA,Matutino,"Amplaconcorrência","748,46","783,64"
671,PEDAGOGIA,Matutino,1.1,"514,78","538,28"
672,PEDAGOGIA,Matutino,1.2,"627,76","640,56"
673,PEDAGOGIA,Matutino,2.1,"525,04","529,44"
674,PEDAGOGIA,Matutino,2.2,"642,98","665,30"
675,PEDAGOGIA,Matutino,3.1,"535,42","574,42"
676,PEDAGOGIA,Matutino,3.2,"637,50","655,04"
677,PEDAGOGIA,Matutino,4.1,"553,68","592,50"
678,PEDAGOGIA,Matutino,4.2,"668,20","744,28"
679,PEDAGOGIA,Matutino,"Amplaconcorrência","672,12","747,74"
680,PEDAGOGIA,Noturno,1.1,"546,40","550,28"
681,PEDAGOGIA,Noturno,1.2,"620,52","661,88"
682,PEDAGOGIA,Noturno,2.1,"579,88","596,54"
683,PEDAGOGIA,Noturno,2.2,"642,52","673,30"
684,PEDAGOGIA,Noturno,3.1,"544,26","565,12"
685,PEDAGOGIA,Noturno,3.2,"643,04","662,94"
686,PEDAGOGIA,Noturno,4.1,"513,64","562,60"
687,PEDAGOGIA,Noturno,4.2,"646,52","650,72"
688,PEDAGOGIA,Noturno,"Amplaconcorrência","663,44","714,14"
689,PSICOLOGIA,Matutino,1.1,"584,12","589,22"
690,PSICOLOGIA,Matutino,1.2,"682,28","697,06"
691,PSICOLOGIA,Matutino,2.1,"625,08","652,08"
692,PSICOLOGIA,Matutino,2.2,"700,82","725,36"
693,PSICOLOGIA,Matutino,3.1,"598,90","633,10"
694,PSICOLOGIA,Matutino,3.2,"684,20","729,60"
695,PSICOLOGIA,Matutino,4.1,"640,20","663,80"
696,PSICOLOGIA,Matutino,4.2,"709,38","760,42"
697,PSICOLOGIA,Matutino,"Amplaconcorrência","740,24","797,74"
698,PUBLICIDADE E PROPAGANDA,Matutino,1.1,"577,60","577,60"
699,PUBLICIDADE E PROPAGANDA,Matutino,1.2,"661,60","676,98"
700,PUBLICIDADE E PROPAGANDA,Matutino,2.1,"623,42","623,42"
701,PUBLICIDADE E PROPAGANDA,Matutino,2.2,"698,14","708,08"
702,PUBLICIDADE E PROPAGANDA,Matutino,3.1,"592,62","592,62"
703,PUBLICIDADE E PROPAGANDA,Matutino,3.2,"686,84","726,34"
704,PUBLICIDADE E PROPAGANDA,Matutino,4.1,"606,42","606,42"
705,PUBLICIDADE E PROPAGANDA,Matutino,4.2,"708,02","716,72"
706,PUBLICIDADE E PROPAGANDA,Matutino,"Amplaconcorrência","736,70","770,70"
707,QUÍMICA,Matutino,1.1,"496,60","620,56"
708,QUÍMICA,Matutino,1.2,"669,32","729,48"
709,QUÍMICA,Matutino,2.1,"483,64","483,64"
710,QUÍMICA,Matutino,2.2,"677,06","765,90"
711,QUÍMICA,Matutino,3.1,"532,92","532,92"
712,QUÍMICA,Matutino,3.2,"673,14","716,04"
713,QUÍMICA,Matutino,4.1,"565,12","565,12"
714,QUÍMICA,Matutino,4.2,"708,96","726,52"
715,QUÍMICA,Matutino,"Amplaconcorrência","713,10","769,38"
716,QUÍMICA,Noturno,1.2,"650,74","675,98"
717,QUÍMICA,Noturno,2.1,"491,22","491,22"
718,QUÍMICA,Noturno,2.2,"661,28","664,70"
719,QUÍMICA,Noturno,3.2,"660,58","680,22"
720,QUÍMICA,Noturno,4.2,"699,58","754,56"
721,QUÍMICA,Noturno,"Amplaconcorrência","690,06","726,54"
722,QUÍMICA TECNOLÓGICA,Noturno,1.1,"567,86","567,86"
723,QUÍMICA TECNOLÓGICA,Noturno,1.2,"656,22","667,14"
724,QUÍMICA TECNOLÓGICA,Noturno,2.1,"544,28","544,28"
725,QUÍMICA TECNOLÓGICA,Noturno,2.2,"684,06","694,04"
726,QUÍMICA TECNOLÓGICA,Noturno,3.1,"459,60","459,60"
727,QUÍMICA TECNOLÓGICA,Noturno,3.2,"669,16","688,98"
728,QUÍMICA TECNOLÓGICA,Noturno,4.1,"586,56","586,56"
729,QUÍMICA TECNOLÓGICA,Noturno,4.2,"690,56","702,04"
730,QUÍMICA TECNOLÓGICA,Noturno,"Amplaconcorrência","706,10","740,12"
731,RADIOLOGIA,Noturno,1.1,"584,56","606,16"
732,RADIOLOGIA,Noturno,1.2,"640,00","686,24"
733,RADIOLOGIA,Noturno,2.1,"558,40","616,60"
734,RADIOLOGIA,Noturno,2.2,"645,60","687,84"
735,RADIOLOGIA,Noturno,3.1,"572,14","589,46"
736,RADIOLOGIA,Noturno,3.2,"642,20","676,40"
737,RADIOLOGIA,Noturno,4.1,"571,12","584,76"
738,RADIOLOGIA,Noturno,4.2,"653,78","696,92"
739,RADIOLOGIA,Noturno,"Amplaconcorrência","670,56","732,60"
740,RELAÇÕES ECONÔMICAS INTERNACIONAIS,Noturno,1.1,"565,26","592,78"
741,RELAÇÕES ECONÔMICAS INTERNACIONAIS,Noturno,1.2,"674,20","697,32"
742,RELAÇÕES ECONÔMICAS INTERNACIONAIS,Noturno,2.1,"639,90","639,90"
743,RELAÇÕES ECONÔMICAS INTERNACIONAIS,Noturno,2.2,"691,46","718,40"
744,RELAÇÕES ECONÔMICAS INTERNACIONAIS,Noturno,3.1,"571,54","612,58"
745,RELAÇÕES ECONÔMICAS INTERNACIONAIS,Noturno,3.2,"689,62","716,40"
746,RELAÇÕES ECONÔMICAS INTERNACIONAIS,Noturno,4.1,"625,82","625,82"
747,RELAÇÕES ECONÔMICAS INTERNACIONAIS,Noturno,4.2,"710,42","763,12"
748,RELAÇÕES ECONÔMICAS INTERNACIONAIS,Noturno,"Amplaconcorrência","736,78","802,30"
749,RELAÇÕES PÚBLICAS,Matutino,1.1,"595,12","595,12"
750,RELAÇÕES PÚBLICAS,Matutino,1.2,"665,22","675,56"
751,RELAÇÕES PÚBLICAS,Matutino,2.2,"664,28","732,62"
752,RELAÇÕES PÚBLICAS,Matutino,3.1,"573,90","573,90"
753,RELAÇÕES PÚBLICAS,Matutino,3.2,"683,64","690,56"
754,RELAÇÕES PÚBLICAS,Matutino,4.2,"700,02","700,22"
755,RELAÇÕES PÚBLICAS,Matutino,"Amplaconcorrência","719,66","747,46"
756,SISTEMAS DE INFORMAÇÃO,Noturno,1.1,"549,36","550,00"
757,SISTEMAS DE INFORMAÇÃO,Noturno,1.2,"675,56","707,84"
758,SISTEMAS DE INFORMAÇÃO,Noturno,2.1,"573,92","591,58"
759,SISTEMAS DE INFORMAÇÃO,Noturno,2.2,"692,78","708,02"
760,SISTEMAS DE INFORMAÇÃO,Noturno,3.1,"587,24","605,16"
761,SISTEMAS DE INFORMAÇÃO,Noturno,3.2,"683,38","707,26"
762,SISTEMAS DE INFORMAÇÃO,Noturno,4.1,"573,36","607,80"
763,SISTEMAS DE INFORMAÇÃO,Noturno,4.2,"709,10","740,00"
764,SISTEMAS DE INFORMAÇÃO,Noturno,"Amplaconcorrência","714,70","778,16"
765,TERAPIA OCUPACIONAL,Matutino,1.1,"496,20","559,06"
766,TERAPIA OCUPACIONAL,Matutino,1.2,"646,84","681,82"
767,TERAPIA OCUPACIONAL,Matutino,2.1,"549,66","578,28"
768,TERAPIA OCUPACIONAL,Matutino,2.2,"651,42","678,70"
769,TERAPIA OCUPACIONAL,Matutino,3.1,"563,36","589,30"
770,TERAPIA OCUPACIONAL,Matutino,3.2,"651,58","705,40"
771,TERAPIA OCUPACIONAL,Matutino,4.1,"565,46","579,98"
772,TERAPIA OCUPACIONAL,Matutino,4.2,"667,38","680,36"
773,TERAPIA OCUPACIONAL,Matutino,"Amplaconcorrência","678,16","737,90"
774,TURISMO,Matutino,1.1,"544,98","643,12"
775,TURISMO,Matutino,1.2,"627,08","661,58"
776,TURISMO,Matutino,2.1,"549,34","549,34"
777,TURISMO,Matutino,2.2,"635,42","652,52"
778,TURISMO,Matutino,3.1,"545,40","636,26"
779,TURISMO,Matutino,3.2,"642,98","668,44"
780,TURISMO,Matutino,4.1,"548,40","548,40"
781,TURISMO,Matutino,4.2,"661,94","676,30"
782,TURISMO,Matutino,"Amplaconcorrência","677,00","727,88"
783,ZOOTECNIA,Matutino,1.1,"529,66","529,66"
784,ZOOTECNIA,Matutino,1.2,"618,50","646,22"
785,ZOOTECNIA,Matutino,2.1,"599,92","599,92"
786,ZOOTECNIA,Matutino,2.2,"626,72","683,98"
787,ZOOTECNIA,Matutino,3.1,"508,38","508,38"
788,ZOOTECNIA,Matutino,3.2,"622,00","644,26"
789,ZOOTECNIA,Matutino,4.1,"457,82","457,82"
790,ZOOTECNIA,Matutino,4.2,"647,76","662,72"
791,ZOOTECNIA,Matutino,"Amplaconcorrência","654,78","710,46"
792,"Mínimogeral","Máximogeral",,,
793,335.2,851.52,,,
